App Id,Category
com.google.android.talk,"Error or Undefined"
com.google.android.apps.plus,"Error or Undefined"
com.sec.android.gallery3d,"Error or Undefined"
com.skype.raider,"Error or Undefined"
com.google.android.street,"Error or Undefined"
com.samsung.android.mobileservice,"Error or Undefined"
com.samsung.knox.securefolder,"Error or Undefined"
com.facebook.mlite,"Error or Undefined"
com.samsung.android.app.aodservice,"Error or Undefined"
com.huawei.KoBackup,"Error or Undefined"
com.huawei.hwid,"Error or Undefined"
com.google.android.apps.youtube.mango,"Error or Undefined"
com.huawei.android.thememanager,"Error or Undefined"
com.huawei.phoneservice,"Error or Undefined"
com.huawei.hwdetectrepair,"Error or Undefined"
com.hicloud.android.clone,"Error or Undefined"
com.qihoo.security,"Error or Undefined"
com.huawei.himovie.overseas,"Error or Undefined"
com.rovio.angrybirds,"Error or Undefined"
com.huawei.health,"Error or Undefined"
com.google.android.inputmethod.pinyin,"Error or Undefined"
com.mobile.legends,"Error or Undefined"
com.google.android.apps.navlite,"Error or Undefined"
com.ss.android.ugc.trill,"Error or Undefined"
com.zhiliaoapp.musically.go,"Error or Undefined"
com.mi.android.globalpersonalassistant,"Error or Undefined"
com.google.android.apps.inputmethod.hindi,"Error or Undefined"
com.google.android.apps.meetings,"Error or Undefined"
com.motorola.motodisplay,"Error or Undefined"
com.ea.games.r3_row,"Error or Undefined"
com.google.android.inputmethod.korean,"Error or Undefined"
com.joeware.android.gpulumera,"Error or Undefined"
com.appstar.callrecorder,"Error or Undefined"
com.whatsapp.wallpaper,"Error or Undefined"
com.google.vr.vrcore,"Error or Undefined"
com.transsion.phonemaster,"Error or Undefined"
com.sonyericsson.extras.liveware,"Error or Undefined"
com.jb.emoji.gokeyboard,"Error or Undefined"
com.xiaomi.calendar,"Error or Undefined"
app.buzz.share,"Error or Undefined"
com.samsung.android.privateshare,"Error or Undefined"
com.firsttouchgames.dls3,"Error or Undefined"
com.huawei.hwvplayer,"Error or Undefined"
com.instagram.layout,"Error or Undefined"
com.samsung.android.spdfnote,"Error or Undefined"
com.motorola.cameraone,"Error or Undefined"
com.shootbubble.bubbledexlue,"Error or Undefined"
com.samsung.android.videolist,"Error or Undefined"
com.motorola.camera,"Error or Undefined"
com.sonyericsson.album,"Error or Undefined"
com.jb.zcamera,"Error or Undefined"
club.fromfactory,"Error or Undefined"
com.bestcoolfungames.antsmasher,"Error or Undefined"
com.miniclip.bowmasters,"Error or Undefined"
com.tubemote.app,"Error or Undefined"
com.motorola.MotGallery2,"Error or Undefined"
com.google.zxing.client.android,"Error or Undefined"
com.sonymobile.androidapp.cameraaddon.areffect,"Error or Undefined"
com.mobilemotion.dubsmash,"Error or Undefined"
com.yy.biu,"Error or Undefined"
com.zentertain.photoeditor,"Error or Undefined"
com.namcobandaigames.pacmantournaments,"Error or Undefined"
com.instagram.boomerang,"Error or Undefined"
com.tv.v18.viola,"Error or Undefined"
ru.sberbankmobile,"Error or Undefined"
com.huawei.himovie,"Error or Undefined"
com.motorola.camera2,"Error or Undefined"
paint.by.number.pixel.art.coloring.drawing.puzzle,"Error or Undefined"
com.rovio.angrybirdsseasons,"Error or Undefined"
com.explorationbase.ExplorationLite,"Error or Undefined"
com.samsung.oh,"Error or Undefined"
com.asus.soundrecorder,"Error or Undefined"
com.ea.game.simpsons4_row,"Error or Undefined"
com.funnypuri.client,"Error or Undefined"
com.transsion.magicfont,"Error or Undefined"
com.jio.join,"Error or Undefined"
com.google.android.apps.podcasts,"Error or Undefined"
com.gallery20,"Error or Undefined"
com.sonymobile.android.addoncamera.timeshift,"Error or Undefined"
com.app.downloadmanager,"Error or Undefined"
com.roposo.android,"Error or Undefined"
free.os.jump.superbros.adventure.world,"Error or Undefined"
com.rovio.angrybirdsspace.ads,"Error or Undefined"
com.infinix.xshare,"Error or Undefined"
com.motorola.timezonedata,"Error or Undefined"
com.appblockgames.freecraftexploration,"Error or Undefined"
com.asus.gallery,"Error or Undefined"
com.motorola.photoeditor,"Error or Undefined"
home.solo.launcher.free,"Error or Undefined"
com.zentertain.photocollage,"Error or Undefined"
com.cleanteam.oneboost,"Error or Undefined"
com.sonymobile.moviecreator.rmm,"Error or Undefined"
com.sh.smart.caller,"Error or Undefined"
com.glu.deerhunt2,"Error or Undefined"
com.bsb.hike,"Error or Undefined"
com.asus.contacts,"Error or Undefined"
com.rovio.angrybirdsgo,"Error or Undefined"
com.outfit7.tomslovelettersfree,"Error or Undefined"
com.tmobile.pr.mytmobile,"Error or Undefined"
com.avito.android,"Error or Undefined"
com.honor.global,"Error or Undefined"
com.gameloft.android.ANMP.GloftAGHM,"Error or Undefined"
com.asus.asusincallui,"Error or Undefined"
fb.video.downloader,"Error or Undefined"
com.verizon.messaging.vzmsgs,"Error or Undefined"
com.asus.task,"Error or Undefined"
com.zenjoy.slideshow,"Error or Undefined"
com.privacystar.android.metro,"Error or Undefined"
com.vivashow.share.video.chat,"Error or Undefined"
com.olx.olx,"Error or Undefined"
com.tokopedia.tkpd,"Error or Undefined"
com.sir.racing.ultimatecardrivingsimulator,"Error or Undefined"
com.jio.media.ondemand,"Error or Undefined"
com.outfit7.talkingtomjetski2,"Error or Undefined"
com.Atinon.PassOver,"Error or Undefined"
com.asus.userfeedback,"Error or Undefined"
com.ovilex.bussimulator2015,"Error or Undefined"
com.ua.building.Lokicraft,"Error or Undefined"
com.noxgroup.app.cleaner,"Error or Undefined"
com.gameloft.android.ANMP.GloftNOHM,"Error or Undefined"
com.asurion.android.verizon.vms,"Error or Undefined"
com.motorola.mya,"Error or Undefined"
com.baklabs.taxi.simulator,"Error or Undefined"
com.kwai.global.video.social.kwaigo,"Error or Undefined"
com.kms.free,"Error or Undefined"
com.sprint.ms.smf.services,"Error or Undefined"
com.innovativegames.knockdown,"Error or Undefined"
com.vznavigator.Generic,"Error or Undefined"
com.flatfish.cal.privacy,"Error or Undefined"
com.asus.easylauncher,"Error or Undefined"
hu.tonuzaba.android,"Error or Undefined"
com.htc.sense.hsp,"Error or Undefined"
com.lge.appcatalog.v2,"Error or Undefined"
com.greenteagames.dogracing3d,"Error or Undefined"
com.ea.game.easportsufc_row,"Error or Undefined"
com.gameloft.android.ANMP.GloftR7HM,"Error or Undefined"
com.asus.splendid,"Error or Undefined"
com.jrdcom.filemanager,"Error or Undefined"
com.puppy.merge.town,"Error or Undefined"
com.asus.mobilemanager,"Error or Undefined"
com.moonvideo.android.resso,"Error or Undefined"
com.motorola.slpc,"Error or Undefined"
mobi.gameguru.racingfever,"Error or Undefined"
air.com.turner.boomerangmakeandrace,"Error or Undefined"
com.htc.zero,"Error or Undefined"
com.askfm,"Error or Undefined"
videoplayer.videodownloader.hdvideoplayer,"Error or Undefined"
com.gameloft.android.ANMP.GloftIAHM,"Error or Undefined"
com.fortune.sim.game.cash,"Error or Undefined"
com.appsinnova.android.keepclean,"Error or Undefined"
mobi.wifi.toolbox,"Error or Undefined"
com.azurgames.BattleGroundRoyale,"Error or Undefined"
com.htc.android.worldclock,"Error or Undefined"
com.htc.sense.ime,"Error or Undefined"
com.sonymobile.xperiaweather,"Error or Undefined"
com.ea.gp.simsmobile,"Error or Undefined"
com.motorola.faceunlock,"Error or Undefined"
com.gamecircus.PrizeClaw,"Error or Undefined"
br.gov.caixa.auxilio,"Error or Undefined"
net.zhuoweizhang.mcpelauncher,"Error or Undefined"
bestSoftRocket.freeMp3Downloads,"Error or Undefined"
io.mrarm.mctoolbox,"Error or Undefined"
com.tgg.kidscooking,"Error or Undefined"
com.naver.vapp,"Error or Undefined"
com.asus.collage,"Error or Undefined"
com.game.JewelsStar,"Error or Undefined"
co.vine.android,"Error or Undefined"
com.oovoo,"Error or Undefined"
com.grillgames.guitarrockhero,"Error or Undefined"
phone.cleaner.speed.booster.cache.clean.android.master,"Error or Undefined"
com.amazon.aa,"Error or Undefined"
com.virus.hunter,"Error or Undefined"
com.magjg.roundhit,"Error or Undefined"
com.rubycell.pianisthd,"Error or Undefined"
com.lomotif.android,"Error or Undefined"
com.htc.Weather,"Error or Undefined"
com.powerd.cleaner,"Error or Undefined"
com.zentertain.videoflip,"Error or Undefined"
com.scoompa.facechanger,"Error or Undefined"
com.racergame.cityracing3d,"Error or Undefined"
com.asiainno.uplive,"Error or Undefined"
com.onegogo.explorer,"Error or Undefined"
com.dhqsolutions.enjoyphoto,"Error or Undefined"
com.jiubang.go.music,"Error or Undefined"
com.tct.calculator,"Error or Undefined"
com.htc.cs.identity,"Error or Undefined"
com.sonymobile.xperiatransfermobile,"Error or Undefined"
com.root.clean.boost.explorer.filemanager,"Error or Undefined"
com.mambet.tv,"Error or Undefined"
ru.mail,"Error or Undefined"
com.glu.deerhunt16,"Error or Undefined"
messenger.chat.social.messenger,"Error or Undefined"
com.sonymobile.getmore,"Error or Undefined"
com.glu.dino,"Error or Undefined"
com.htc.filemanager,"Error or Undefined"
com.lenovo.FileBrowser2,"Error or Undefined"
com.nono.android,"Error or Undefined"
com.att.android.attsmartwifi,"Error or Undefined"
com.omgpop.dstfree,"Error or Undefined"
com.ScnStudios.RealCityCarDriver3D,"Error or Undefined"
com.detector.lie.game.prank,"Error or Undefined"
com.famousbluemedia.yokee,"Error or Undefined"
fishnoodle.koipond_free,"Error or Undefined"
com.sonymobile.getmore.client,"Error or Undefined"
com.secretexit.turbodismount,"Error or Undefined"
com.opalsapps.photoslideshowwithmusic,"Error or Undefined"
com.djit.apps.stream,"Error or Undefined"
com.rovio.BadPiggiesHD,"Error or Undefined"
com.midasplayer.apps.papapearsaga,"Error or Undefined"
com.htc.sense.socialnetwork.facebook,"Error or Undefined"
com.amazon.windowshop,"Error or Undefined"
com.mobikwik_new,"Error or Undefined"
com.nekki.vector2,"Error or Undefined"
com.indigokids.mim,"Error or Undefined"
com.sir.racing.ultimatemotorcyclesimulator,"Error or Undefined"
com.aa.extreme.city.gt.car.stunts,"Error or Undefined"
com.snowwhiteapps.downloader,"Error or Undefined"
com.asiainno.uplive.aiglamour,"Error or Undefined"
com.netease.chiji,"Error or Undefined"
com.cleanteam.onesecurity,"Error or Undefined"
com.nordcurrent.sniperarena,"Error or Undefined"
mobisocial.arcade,"Error or Undefined"
messenger.social.chat.apps,"Error or Undefined"
com.icq.mobile.client,"Error or Undefined"
com.gameloft.android.ANMP.GloftIVHM,"Error or Undefined"
com.p1.mobile.putong,"Error or Undefined"
photo.video.instasaveapp,"Error or Undefined"
com.htc.guide,"Error or Undefined"
com.movisoftnew.videoeditor,"Error or Undefined"
com.natenai.glowhockey2,"Error or Undefined"
com.nextradioapp.nextradio,"Error or Undefined"
com.labexception.truckdrivercargo,"Error or Undefined"
com.htc.android.mail,"Error or Undefined"
com.foosegames.pepiskate3d,"Error or Undefined"
com.sonymobile.backgrounddefocus,"Error or Undefined"
com.tt.android.dm.view,"Error or Undefined"
com.yy.biugo.lite,"Error or Undefined"
com.miniworld.mastercrafting.survivalboxbuilding20,"Error or Undefined"
com.mxtech.ffmpeg.v7_neon,"Error or Undefined"
com.gorgeous.liteinternational,"Error or Undefined"
com.indigokids.mashakasha,"Error or Undefined"
com.jb.security,"Error or Undefined"
com.ea.game.maddenmobile15_row,"Error or Undefined"
com.tct.weather,"Error or Undefined"
com.transsion.weathers,"Error or Undefined"
com.shinycore.picsayfree,"Error or Undefined"
com.htc.cs.pns,"Error or Undefined"
com.rovio.gold,"Error or Undefined"
com.mxtech.ffmpeg.v6_vfp,"Error or Undefined"
com.samsung.privilege,"Error or Undefined"
com.directv.dvrscheduler,"Error or Undefined"
com.midasplayer.apps.diamonddiggersaga,"Error or Undefined"
com.popcore.makesandwich,"Error or Undefined"
com.ubisoft.redlynx.trialsfrontier.ggp,"Error or Undefined"
com.abi.carracer.racingfree,"Error or Undefined"
com.racing.car.crash.turbo,"Error or Undefined"
com.innovativeGames.archery,"Error or Undefined"
com.sharekaro.shareit,"Error or Undefined"
it.tolelab.fvd,"Error or Undefined"
com.CultureAlley.japanese.english,"Error or Undefined"
com.htc.mirrorlinkserver,"Error or Undefined"
com.budgestudios.StrawberryShortcakeSweetShop,"Error or Undefined"
com.app.any.vpn.pro,"Error or Undefined"
com.sonymobile.lifelog,"Error or Undefined"
com.graph.weather.forecast.channel,"Error or Undefined"
com.baklabs.bus.simulator,"Error or Undefined"
com.virgil.basketball,"Error or Undefined"
com.nazara.tinylabproductions.chhotabheem,"Error or Undefined"
com.htc.wifidisplay,"Error or Undefined"
com.mobileposse.client,"Error or Undefined"
com.feelingtouch.gnz.realistic,"Error or Undefined"
com.nullapp.racer.moto3d,"Error or Undefined"
com.pnixgames.bowlingking,"Error or Undefined"
com.htc.HTCSpeaker,"Error or Undefined"
com.meitu.beautyplusme,"Error or Undefined"
com.foosegames.motolokohd,"Error or Undefined"
frames.techtouch.hordingframe,"Error or Undefined"
com.motorola.camera2.content.ai,"Error or Undefined"
com.mxtech.videoplayer.beta,"Error or Undefined"
com.farproc.wifi.analyzer,"Error or Undefined"
com.download.freevideotomp3.audioconvert,"Error or Undefined"
com.asus.remotelink.full,"Error or Undefined"
com.herzick.houseparty,"Error or Undefined"
com.bestfreegames.busracinghillclimb,"Error or Undefined"
com.balancehero.truebalance,"Error or Undefined"
com.noxgroup.app.security,"Error or Undefined"
com.htc.dotmatrix,"Error or Undefined"
com.vive.riderleague,"Error or Undefined"
com.mxtech.ffmpeg.v7_vfpv3d16,"Error or Undefined"
com.gameloft.android.ANMP.GloftSXHM,"Error or Undefined"
fast.boost.cleaner.speed.clean.safe.plus,"Error or Undefined"
com.luutinhit.ioslauncher,"Error or Undefined"
app.zenly.locator,"Error or Undefined"
messenger.chat.social.messenger.lite,"Error or Undefined"
com.vova.android,"Error or Undefined"
com.htc.calendar,"Error or Undefined"
com.epicactiononline.ffxv.ane,"Error or Undefined"
com.mattel.barbiesparkleblastkids,"Error or Undefined"
com.gotv.crackle.handset,"Error or Undefined"
com.download.free.videodownloader,"Error or Undefined"
com.lightningstrikegames.fruitsurgeon,"Error or Undefined"
puzzle.blockpuzzle.cube.relax,"Error or Undefined"
com.outfit7.jigtyfree,"Error or Undefined"
com.joelapenna.foursquared,"Error or Undefined"
com.harmonybit.coolball,"Error or Undefined"
com.antivirus.mobilesecurity.viruscleaner.applock,"Error or Undefined"
air.mwe.cookingcuteheartcupcakes,"Error or Undefined"
madlipz.eigenuity.com,"Error or Undefined"
com.gameloft.android.ANMP.GloftA3HM,"Error or Undefined"
games.nerf.epic.pranks.free,"Error or Undefined"
com.lego.duplo.trains,"Error or Undefined"
com.scimob.ninetyfour.percent,"Error or Undefined"
com.htc.AutoMotive,"Error or Undefined"
com.yoob.games,"Error or Undefined"
com.scopely.headshot,"Error or Undefined"
com.ai.bfly,"Error or Undefined"
com.contextlogic.geek,"Error or Undefined"
com.samsung.th.galaxyappcenter,"Error or Undefined"
com.frojo.moy2,"Error or Undefined"
com.sora.metal.squad,"Error or Undefined"
com.womboai.wombo,"Error or Undefined"
com.powerful.cleaner,"Error or Undefined"
com.softwego.liedetector,"Error or Undefined"
com.chanel.weather.forecast.accu,"Error or Undefined"
com.mglstudio.boyvsblocks,"Error or Undefined"
com.htc.lucy,"Error or Undefined"
com.sega.sonic1px,"Error or Undefined"
com.fsp.android.phonetracker,"Error or Undefined"
jp.naver.lineplay.android,"Error or Undefined"
com.fsp.android.c,"Error or Undefined"
com.appcraft.unicorn,"Error or Undefined"
com.KnowledgeAdventure.SchoolOfDragons,"Error or Undefined"
net.oneplus.launcher,"Error or Undefined"
com.dreamed.physicsdrop,"Error or Undefined"
com.droidhen.fruit,"Error or Undefined"
com.herocraft.game.free.gibbets3,"Error or Undefined"
com.futureplay.battleground,"Error or Undefined"
